0	텐치 (잉어과 물고기)
1	금붕어
2	백상아리
3	뱀상어
4	귀상어
5	전기가오리
6	노랑가오리
7	수탉
8	암탉
9	타조
10	되새
11	검은머리방울새 (오색방울새)
12	양진이 (멕시코양지니)
13	검은눈방울새 (준코)
14	인디고 멧새
15	아메리카울새 (로빈)
16	직박구리
17	어치
18	까치
19	박새 (치커디)
20	물까마귀
21	솔개
22	흰머리수리
23	독수리 (콘도르류)
24	큰회색올빼미
25	불도롱뇽
26	영원 (도롱뇽류)
27	어린 영원 (도롱뇽류)
28	점박이도롱뇽
29	아홀로틀 (우파루파)
30	황소개구리
31	청개구리
32	꼬리개구리
33	붉은바다거북
34	장수거북
35	진흙거북
36	테라핀 (민물거북)
37	상자거북
38	줄무늬도마뱀붙이
39	이구아나
40	아놀도마뱀
41	채찍꼬리도마뱀
42	아가마 도마뱀
43	목도리도마뱀
44	악어도마뱀
45	아메리카독도마뱀 (힐라몬스터)
46	초록도마뱀
47	아프리카카멜레온
48	코모도왕도마뱀
49	나일악어
50	미시시피악어 (앨리게이터)
51	트리케라톱스
52	지렁이뱀
53	목도리뱀
54	돼지코뱀
55	풀뱀
56	킹스네이크 (왕뱀류)
57	가터뱀
58	물뱀
59	덩굴뱀
60	밤뱀 (야행성 뱀)
61	보아뱀
62	아프리카비단뱀
63	인도코브라
64	그린맘바
65	바다뱀
66	뿔살무사
67	다이아몬드방울뱀
68	사이드와인더 (뿔방울뱀)
69	삼엽충
70	통거미 (장님거미)
71	전갈
72	호랑거미
73	헛간거미 (왕거미류)
74	정원왕거미
75	검은과부거미
76	타란툴라
77	늑대거미
78	진드기
79	지네
80	멧닭
81	뇌조
82	목도리뇌조
83	초원뇌조
84	공작
85	메추라기
86	자고새
87	회색앵무
88	마코앵무
89	큰유황앵무
90	오색청해앵무 (로리킷)
91	뻐꾸기류 (쿠칼)
92	벌잡이새
93	코뿔새
94	벌새
95	자카마르 (열대 새)
96	큰부리새 (투칸)
97	수컷 오리
98	바다비오리
99	거위
100	흑고니
101	엄니가 긴 코끼리
102	바늘두더지
103	오리너구리
104	왈라비
105	코알라
106	웜뱃
107	해파리
108	말미잘
109	뇌산호
110	편형동물 (납작벌레)
111	선충
112	소라고둥
113	달팽이
114	민달팽이
115	갯민숭달팽이
116	군부 (연체동물)
117	앵무조개
118	던지니스 게
119	바위게
120	농게
121	킹크랩
122	바닷가재 (랍스터)
123	닭새우 (스파이니 랍스터)
124	가재
125	소라게
126	등각류 (쥐며느리류)
127	황새
128	먹황새
129	저어새
130	홍학 (플라밍고)
131	작은푸른왜가리
132	대백로
133	해오라기류 (알락해오라기)
134	두루미
135	림프킨 (물새)
136	자색쇠물닭
137	아메리카물닭
138	느시
139	꼬까도요
140	민물도요
141	붉은발도요
142	큰부리도요
143	검은머리물떼새
144	펠리컨
145	킹펭귄
146	알바트로스
147	귀신고래
148	범고래
149	듀공
150	바다사자
151	치와와
152	재패니즈 친
153	몰티즈
154	페키니즈
155	시추
156	블레넘 스패니얼
157	파피용
158	토이 테리어
159	로디지안 리지백
160	아프간 하운드
161	바셋 하운드
162	비글
163	블러드하운드
164	블루틱 쿤하운드
165	블랙 앤 탄 쿤하운드
166	워커 하운드
167	잉글리시 폭스하운드
168	레드본 쿤하운드
169	보르조이
170	아이리시 울프하운드
171	이탈리안 그레이하운드
172	휘핏
173	이비전 하운드
174	노르웨이 엘크하운드
175	오터하운드
176	살루키
177	스코티시 디어하운드
178	바이마라너
179	스태퍼드셔 불 테리어
180	아메리칸 스태퍼드셔 테리어
181	베들링턴 테리어
182	보더 테리어
183	케리 블루 테리어
184	아이리시 테리어
185	노퍽 테리어
186	노리치 테리어
187	요크셔 테리어
188	와이어 폭스 테리어
189	레이클랜드 테리어
190	실리엄 테리어
191	에어데일 테리어
192	케언 테리어
193	오스트레일리안 테리어
194	댄디 딘몬트 테리어
195	보스턴 테리어
196	미니어처 슈나우저
197	자이언트 슈나우저
198	스탠더드 슈나우저
199	스코티시 테리어
200	티베탄 테리어
201	실키 테리어
202	소프트코티드 휘튼 테리어
203	웨스트 하이랜드 화이트 테리어
204	라사 압소
205	플랫코티드 리트리버
206	컬리코티드 리트리버
207	골든 리트리버
208	래브라도 리트리버
209	체서피크 베이 리트리버
210	저먼 쇼트헤어드 포인터
211	비즐라
212	잉글리시 세터
213	아이리시 세터
214	고든 세터
215	브리타니 스패니얼
216	클럼버 스패니얼
217	잉글리시 스프링어 스패니얼
218	웰시 스프링어 스패니얼
219	코커 스패니얼
220	서식스 스패니얼
221	아이리시 워터 스패니얼
222	쿠바스
223	스키퍼키
224	그로넨달 (벨기에 셰퍼드)
225	말리노이즈
226	브리아드
227	켈피
228	코몬도르
229	올드 잉글리시 쉽독
230	셔틀랜드 쉽독 (셸티)
231	콜리
232	보더 콜리
233	부비에 데 플랑드르
234	로트와일러
235	저먼 셰퍼드
236	도베르만
237	미니어처 핀셔
238	그레이터 스위스 마운틴 도그
239	버니즈 마운틴 도그
240	아펜젤러
241	엔틀레부허
242	복서
243	불마스티프
244	티베탄 마스티프
245	프렌치 불도그
246	그레이트 데인
247	세인트 버나드
248	에스키모견 (허스키)
249	알래스칸 맬러뮤트
250	시베리안 허스키
251	달마시안
252	아펜핀셔
253	바센지
254	퍼그
255	레온베르거
256	뉴펀들랜드
257	그레이트 피레니즈
258	사모예드
259	포메라니안
260	차우차우
261	케이스혼드
262	브뤼셀 그리펀
263	웰시 코기 (펨브록)
264	웰시 코기 (카디건)
265	토이 푸들
266	미니어처 푸들
267	스탠더드 푸들
268	멕시칸 헤어리스 도그
269	회색늑대
270	북극늑대
271	붉은늑대
272	코요테
273	딩고
274	승냥이
275	아프리카들개
276	하이에나
277	붉은여우
278	키트여우
279	북극여우
280	회색여우
281	얼룩무늬 고양이
282	호랑이무늬 고양이
283	페르시안 고양이
284	샴 고양이
285	이집트 고양이
286	퓨마
287	스라소니
288	표범
289	눈표범
290	재규어
291	사자
292	호랑이
293	치타
294	불곰
295	아메리카흑곰
296	북극곰
297	느림보곰
298	몽구스
299	미어캣
300	길앞잡이
301	무당벌레
302	딱정벌레 (먼지벌레)
303	하늘소
304	잎벌레
305	쇠똥구리
306	장수풍뎅이
307	바구미
308	파리
309	벌
310	개미
311	메뚜기
312	귀뚜라미
313	대벌레
314	바퀴벌레
315	사마귀
316	매미
317	매미충
318	풀잠자리
319	잠자리
320	실잠자리
321	제독나비
322	뱀눈나비
323	제왕나비
324	배추흰나비
325	노랑나비
326	부전나비
327	불가사리
328	성게
329	해삼
330	솜꼬리토끼
331	산토끼
332	앙고라토끼
333	햄스터
334	호저
335	여우다람쥐
336	마멋
337	비버
338	기니피그
339	밤색 말
340	얼룩말
341	돼지
342	멧돼지
343	혹멧돼지
344	하마
345	황소
346	물소
347	들소
348	숫양
349	큰뿔양
350	아이벡스 (산양)
351	하테비스트 (영양)
352	임팔라
353	가젤
354	단봉낙타
355	라마
356	족제비
357	밍크
358	긴털족제비
359	검은발족제비
360	수달
361	스컹크
362	오소리
363	아르마딜로
364	세발가락나무늘보
365	오랑우탄
366	고릴라
367	침팬지
368	긴팔원숭이
369	큰긴팔원숭이 (시아망)
370	게논원숭이
371	파타스원숭이
372	개코원숭이
373	마카크원숭이
374	랑구르원숭이
375	콜로부스원숭이
376	코주부원숭이
377	마모셋원숭이
378	카푸친원숭이
379	고함원숭이
380	티티원숭이
381	거미원숭이
382	다람쥐원숭이
383	알락꼬리여우원숭이
384	인드리 (여우원숭이)
385	아시아코끼리
386	아프리카코끼리
387	레서판다
388	판다
389	바라쿠타 (꼬치고기류)
390	뱀장어
391	은연어
392	록뷰티 (열대어)
393	흰동가리 (니모)
394	철갑상어
395	가아 (동갈치류)
396	쏠배감펭 (라이언피시)
397	복어
398	주판
399	아바야 (이슬람 여성 의복)
400	학위 가운
401	아코디언
402	통기타
403	항공모함
404	여객기
405	비행선
406	제단
407	구급차
408	수륙양용차
409	아날로그 시계
410	양봉장
411	앞치마
412	쓰레기통
413	돌격소총
414	배낭
415	빵집
416	평균대
417	풍선
418	볼펜
419	반창고
420	밴조
421	난간
422	역기 (바벨)
423	이발 의자
424	이발소
425	헛간
426	기압계
427	나무통
428	외바퀴 손수레
429	야구공
430	농구공
431	아기 요람 바구니
432	바순
433	수영모
434	목욕 수건
435	욕조
436	스테이션 왜건
437	등대
438	비커
439	털모자 (근위병 모자)
440	맥주병
441	맥주잔
442	종탑
443	턱받이
444	2인용 자전거
445	비키니
446	링 바인더
447	쌍안경
448	새집
449	보트 창고
450	봅슬레이
451	볼로 타이
452	보닛 (챙 모자)
453	책장
454	서점
455	병뚜껑
456	활
457	나비넥타이
458	기념 명판
459	브래지어
460	방파제
461	흉갑 (가슴 갑옷)
462	빗자루
463	양동이
464	버클
465	방탄조끼
466	고속열차
467	정육점
468	택시
469	가마솥
470	양초
471	대포
472	카누
473	깡통따개
474	카디건
475	자동차 사이드미러
476	회전목마
477	공구 세트
478	종이 상자
479	자동차 바퀴
480	현금인출기 (ATM)
481	카세트테이프
482	카세트 플레이어
483	성
484	쌍동선 (카타마란)
485	CD 플레이어
486	첼로
487	휴대전화
488	쇠사슬
489	철망 울타리
490	사슬 갑옷
491	전기톱
492	상자 (궤)
493	서랍장
494	차임벨
495	그릇장
496	크리스마스 양말
497	교회
498	영화관
499	고기 써는 큰 칼
500	절벽 주거지
501	망토
502	나막신
503	칵테일 셰이커
504	머그잔
505	커피포트
506	코일 (나선)
507	번호 자물쇠
508	컴퓨터 키보드
509	사탕 가게
510	컨테이너선
511	오픈카
512	코르크 따개
513	코넷 (금관악기)
514	카우보이 부츠
515	카우보이 모자
516	요람
517	크레인
518	안전모 (헬멧)
519	나무 상자
520	아기 침대
521	슬로쿠커
522	크로케 공
523	목발
524	갑옷 흉갑
525	댐
526	책상
527	데스크톱 컴퓨터
528	다이얼 전화기
529	기저귀
530	디지털 시계
531	전자 손목시계
532	식탁
533	행주
534	식기세척기
535	디스크 브레이크
536	부두
537	개썰매
538	돔 (둥근 지붕)
539	현관 매트
540	해양 시추선
541	북
542	드럼 스틱
543	아령
544	무쇠 냄비 (더치 오븐)
545	선풍기
546	전기 기타
547	전기 기관차
548	TV 거실장
549	봉투
550	에스프레소 머신
551	페이스 파우더
552	깃털 목도리
553	서류 캐비닛
554	소방정
555	소방차
556	벽난로 가리개
557	깃대
558	플루트
559	접이식 의자
560	미식축구 헬멧
561	지게차
562	분수
563	만년필
564	기둥 침대
565	화물 열차 칸
566	호른
567	프라이팬
568	모피 코트
569	쓰레기 수거차
570	방독면
571	주유기
572	고블릿 (굽 달린 잔)
573	고카트
574	골프공
575	골프 카트
576	곤돌라
577	징
578	드레스 (가운)
579	그랜드 피아노
580	온실
581	라디에이터 그릴
582	식료품점
583	단두대
584	머리핀
585	헤어스프레이
586	반궤도 차량
587	망치
588	뚜껑 달린 바구니
589	헤어드라이어
590	휴대용 컴퓨터 (PDA)
591	손수건
592	하드 디스크
593	하모니카
594	하프
595	수확기 (콤바인)
596	손도끼
597	권총집
598	홈시어터
599	벌집
600	갈고리
601	후프 스커트
602	철봉
603	마차
604	모래시계
605	아이팟
606	다리미
607	호박 등 (잭오랜턴)
608	청바지
609	지프
610	티셔츠
611	직소 퍼즐
612	인력거
613	조이스틱
614	기모노
615	무릎 보호대
616	매듭
617	실험복
618	국자
619	전등갓
620	노트북 컴퓨터
621	잔디깎이
622	렌즈 캡
623	편지 칼
624	도서관
625	구명보트
626	라이터
627	리무진
628	원양 여객선
629	립스틱
630	로퍼 (구두)
631	로션
632	스피커
633	확대경 (루페)
634	제재소
635	나침반
636	우편 가방
637	우체통
638	여성 운동복 (레오타드)
639	원피스 수영복
640	맨홀 뚜껑
641	마라카스
642	마림바 (실로폰)
643	가면
644	성냥개비
645	메이폴 (오월제 기둥)
646	미로
647	계량컵
648	약장
649	거석 (고인돌)
650	마이크
651	전자레인지
652	군복
653	우유 통
654	미니버스
655	미니스커트
656	미니밴
657	미사일
658	벙어리장갑
659	믹싱 볼
660	이동식 주택
661	모델 T (클래식 자동차)
662	모뎀
663	수도원
664	모니터
665	모페드 (소형 오토바이)
666	막자사발
667	학사모
668	모스크 (이슬람 사원)
669	모기장
670	스쿠터
671	산악자전거
672	등산용 텐트
673	컴퓨터 마우스
674	쥐덫
675	이삿짐 트럭
676	입마개
677	못
678	목 보호대
679	목걸이
680	젖병 꼭지
681	노트북
682	오벨리스크
683	오보에
684	오카리나
685	주행거리계
686	오일 필터
687	파이프 오르간
688	오실로스코프
689	오버스커트
690	소달구지
691	산소마스크
692	포장 봉지
693	노 (패들)
694	물레바퀴 (외륜)
695	자물쇠
696	붓
697	잠옷
698	궁전
699	팬파이프
700	종이 타월
701	낙하산
702	평행봉
703	공원 벤치
704	주차 요금기
705	객차
706	테라스
707	공중전화
708	받침대
709	필통
710	연필깎이
711	향수
712	페트리 접시
713	복사기
714	기타 피크
715	뾰족 투구 (피켈하우베)
716	말뚝 울타리
717	픽업트럭
718	부두 (잔교)
719	돼지 저금통
720	약병
721	베개
722	탁구공
723	바람개비
724	해적선
725	물주전자
726	대패
727	천체투영관 (플라네타륨)
728	비닐봉지
729	접시 건조대
730	쟁기
731	뚫어뻥
732	폴라로이드 카메라
733	장대
734	경찰 호송차
735	판초
736	당구대
737	탄산음료 병
738	화분
739	도자기 물레
740	전동 드릴
741	기도용 깔개
742	프린터
743	감옥
744	발사체 (포탄)
745	프로젝터
746	하키 퍽
747	샌드백
748	지갑 (핸드백)
749	깃펜
750	누비이불
751	경주용 자동차
752	라켓
753	라디에이터 (난방기)
754	라디오
755	전파 망원경
756	빗물 통
757	캠핑카
758	낚시 릴
759	일안 반사식 카메라
760	냉장고
761	리모컨
762	식당
763	리볼버 권총
764	소총
765	흔들의자
766	회전 구이기 (로티세리)
767	지우개
768	럭비공
769	자
770	운동화
771	금고
772	안전핀
773	소금통
774	샌들
775	사롱 (허리에 두르는 천)
776	색소폰
777	칼집
778	저울
779	스쿨버스
780	스쿠너 (돛단배)
781	점수판
782	화면 (CRT 모니터)
783	나사못
784	드라이버 (공구)
785	안전벨트
786	재봉틀
787	방패
788	신발 가게
789	장지문 (쇼지)
790	장바구니
791	쇼핑 카트
792	삽
793	샤워캡
794	샤워 커튼
795	스키
796	방한 마스크 (스키 마스크)
797	침낭
798	계산자
799	미닫이문
800	슬롯머신
801	스노클
802	스노모빌
803	제설차
804	비누 디스펜서
805	축구공
806	양말
807	태양열 집열판
808	솜브레로
809	수프 그릇
810	스페이스 바
811	전기 난로
812	우주왕복선
813	뒤집개
814	쾌속정
815	거미줄
816	물레 가락
817	스포츠카
818	스포트라이트
819	무대
820	증기 기관차
821	강철 아치교
822	스틸 드럼
823	청진기
824	숄
825	돌담
826	스톱워치
827	난로
828	체 (거름망)
829	전차 (트램)
830	들것
831	소파 침대
832	불탑 (스투파)
833	잠수함
834	정장
835	해시계
836	선글라스 (렌즈)
837	선글라스
838	자외선 차단제
839	현수교
840	대걸레
841	맨투맨 티셔츠
842	수영 바지
843	그네
844	전기 스위치
845	주사기
846	탁상 램프
847	탱크
848	테이프 플레이어
849	찻주전자
850	곰 인형
851	텔레비전
852	테니스공
853	초가지붕
854	무대 커튼
855	골무
856	탈곡기
857	왕좌
858	기와지붕
859	토스터
860	담배 가게
861	변기 시트
862	횃불
863	토템 기둥
864	견인차
865	장난감 가게
866	트랙터
867	트레일러 트럭
868	쟁반
869	트렌치코트
870	세발자전거
871	삼동선 (트리마란)
872	삼각대
873	개선문
874	트롤리버스
875	트롬본
876	큰 통
877	회전식 개찰구
878	타자기 자판
879	우산
880	외발자전거
881	업라이트 피아노
882	진공청소기
883	꽃병
884	둥근 천장 (볼트)
885	벨벳
886	자판기
887	성직자 예복
888	고가교 (구름다리)
889	바이올린
890	배구공
891	와플 기계
892	벽시계
893	지갑
894	옷장
895	군용기
896	세면대
897	세탁기
898	물병
899	물 주전자
900	급수탑
901	위스키 단지
902	호루라기
903	가발
904	방충망
905	블라인드
906	윈저 타이 (넥타이)
907	와인병
908	비행기 날개
909	웍 (중국식 프라이팬)
910	나무 숟가락
911	양모
912	지그재그 나무 울타리
913	난파선
914	욜 (돛단배)
915	유르트 (몽골 천막집)
916	웹사이트
917	만화책
918	십자말풀이
919	도로 표지판
920	신호등
921	책 커버
922	메뉴판
923	접시 요리
924	과카몰레
925	콩소메 (맑은 수프)
926	훠궈 (전골)
927	트라이플 (영국식 디저트)
928	아이스크림
929	막대 아이스크림
930	바게트
931	베이글
932	프레첼
933	치즈버거
934	핫도그
935	으깬 감자
936	양배추
937	브로콜리
938	콜리플라워
939	애호박 (주키니)
940	국수호박
941	도토리호박
942	버터넛 호박
943	오이
944	아티초크
945	파프리카
946	카르둔 (엉겅퀴류 채소)
947	버섯
948	청사과 (그래니 스미스)
949	딸기
950	오렌지
951	레몬
952	무화과
953	파인애플
954	바나나
955	잭프루트
956	커스터드 애플
957	석류
958	건초
959	카르보나라
960	초콜릿 시럽
961	반죽
962	미트로프
963	피자
964	포트파이
965	부리토
966	레드 와인
967	에스프레소
968	컵
969	에그노그
970	알프스 산
971	비눗방울
972	절벽
973	산호초
974	간헐천
975	호숫가
976	곶 (해안 돌출부)
977	모래톱
978	해변
979	골짜기
980	화산
981	야구 선수
982	신랑
983	스쿠버 다이버
984	유채꽃
985	데이지
986	노랑 개불알꽃
987	옥수수
988	도토리
989	장미 열매
990	칠엽수 열매 (마로니에)
991	싸리버섯
992	주름버섯
993	마귀곰보버섯
994	말뚝버섯
995	먼지버섯
996	잎새버섯
997	그물버섯
998	이삭
999	화장지
